ID client,Age,Montant (€),V,Défaillance
6,52,18000,0,N
4,20,20000,"0.00990099009901",N
1,25,40000,"0.108910891089109",N
2,35,60000,"0.207920792079208",N
8,40,62000,"0.217821782178218",O
3,45,80000,"0.306930693069307",N
7,23,95000,"0.381188118811881",O
9,60,100000,"0.405940594059406",O
5,35,120000,"0.504950495049505",N
12,48,142000,"0.613861386138614",?
11,33,150000,"0.653465346534653",O
10,48,220000,1,O
